category,technique_name,description
collaborative,Yes And Building,"Build momentum through positive additions where each idea becomes a launching pad - use prompts like 'Yes and we could also...' or 'Building on that idea...' to create energetic collaborative flow that builds upon previous contributions"
collaborative,Brain Writing Round Robin,"Silent idea generation followed by building on others' written concepts - gives quieter voices equal contribution while maintaining documentation through the sequence of writing silently, passing ideas, and building on received concepts"
collaborative,Random Stimulation,"Use random words/images as creative catalysts to force unexpected connections - breaks through mental blocks with serendipitous inspiration by asking how random elements relate, what connections exist, and forcing relationships"
collaborative,Role Playing,"Generate solutions from multiple stakeholder perspectives to build empathy while ensuring comprehensive consideration - embody different roles by asking what they want, how they'd approach problems, and what matters most to them"
collaborative,Ideation Relay Race,"Rapid-fire idea building under time pressure creates urgency and breakthroughs - structure with 30-second additions, quick building on ideas, and fast passing to maintain creative momentum and prevent overthinking"
creative,What If Scenarios,"Explore radical possibilities by questioning all constraints and assumptions - perfect for breaking through stuck thinking using prompts like 'What if we had unlimited resources?' 'What if the opposite were true?' or 'What if this problem didn't exist?'"
creative,Analogical Thinking,"Find creative solutions by drawing parallels to other domains - transfer successful patterns by asking 'This is like what?' 'How is this similar to...' and 'What other examples come to mind?' to connect to existing solutions"
creative,Reversal Inversion,"Deliberately flip problems upside down to reveal hidden assumptions and fresh angles - great when conventional approaches fail by asking 'What if we did the opposite?' 'How could we make this worse?' and 'What's the reverse approach?'"
creative,First Principles Thinking,"Strip away assumptions to rebuild from fundamental truths - essential for breakthrough innovation by asking 'What do we know for certain?' 'What are the fundamental truths?' and 'If we started from scratch?'"
creative,Forced Relationships,"Connect unrelated concepts to spark innovative bridges through creative collision - take two unrelated things, find connections between them, identify bridges, and explore how they could work together to generate unexpected solutions"
creative,Time Shifting,"Explore solutions across different time periods to reveal constraints and opportunities by asking 'How would this work in the past?' 'What about 100 years from now?' 'Different era constraints?' and 'What time-based solutions apply?'"
creative,Metaphor Mapping,"Use extended metaphors as thinking tools to explore problems from new angles - transforms abstract challenges into tangible narratives by asking 'This problem is like a metaphor,' extending the metaphor, and mapping elements to discover insights"
creative,Cross-Pollination,"Transfer solutions from completely different industries or domains to spark breakthrough innovations by asking how industry X would solve this, what patterns work in field Y, and how to adapt solutions from domain Z"
creative,Concept Blending,"Merge two or more existing concepts to create entirely new categories - goes beyond simple combination to genuine innovation by asking what emerges when concepts merge, what new category is created, and how the blend transcends original ideas"
creative,Reverse Brainstorming,"Generate problems instead of solutions to identify hidden opportunities and unexpected pathways by asking 'What could go wrong?' 'How could we make this fail?' and 'What problems could we create?' to reveal solution insights"
creative,Sensory Exploration,"Engage all five senses to discover multi-dimensional solution spaces beyond purely analytical thinking by asking what ideas feel, smell, taste, or sound like, and how different senses engage with the problem space"
deep,Five Whys,"Drill down through layers of causation to uncover root causes - essential for solving problems at source rather than symptoms by asking 'Why did this happen?' repeatedly until reaching fundamental drivers and ultimate causes"
deep,Morphological Analysis,"Systematically explore all possible parameter combinations for complex systems requiring comprehensive solution mapping - identify key parameters, list options for each, try different combinations, and identify emerging patterns"
deep,Provocation Technique,"Use deliberately provocative statements to extract useful ideas from seemingly absurd starting points - catalyzes breakthrough thinking by asking 'What if provocative statement?' 'How could this be useful?' 'What idea triggers?' and 'Extract the principle'"
deep,Assumption Reversal,"Challenge and flip core assumptions to rebuild from new foundations - essential for paradigm shifts by asking 'What assumptions are we making?' 'What if the opposite were true?' 'Challenge each assumption' and 'Rebuild from new assumptions'"
deep,Question Storming,"Generate questions before seeking answers to properly define problem space - ensures solving the right problem by asking only questions, no answers yet, focusing on what we don't know, and identifying what we should be asking"
deep,Constraint Mapping,"Identify and visualize all constraints to find promising pathways around or through limitations - ask what all constraints exist, which are real vs imagined, and how to work around or eliminate barriers to solution space"
deep,Failure Analysis,"Study successful failures to extract valuable insights and avoid common pitfalls - learns from what didn't work by asking what went wrong, why it failed, what lessons emerged, and how to apply failure wisdom to current challenges"
deep,Emergent Thinking,"Allow solutions to emerge organically without forcing linear progression - embraces complexity and natural development by asking what patterns emerge, what wants to happen naturally, and what's trying to emerge from the system"
structured,SCAMPER Method,"Systematic creativity through seven lenses for methodical product improvement and innovation - Substitute (what could you substitute), Combine (what could you combine), Adapt (how could you adapt), Modify (what could you modify), Put to other uses, Eliminate, Reverse"
structured,Six Thinking Hats,"Explore problems through six distinct perspectives without conflict - White Hat (facts), Red Hat (emotions), Yellow Hat (benefits), Black Hat (risks), Green Hat (creativity), Blue Hat (process) to ensure comprehensive analysis from all angles"
structured,Mind Mapping,"Visually branch ideas from central concept to discover connections and expand thinking - perfect for organizing complex thoughts and seeing big picture by putting main idea in center, branching concepts, and identifying sub-branches"
structured,Resource Constraints,"Generate innovative solutions by imposing extreme limitations - forces essential priorities and creative efficiency under pressure by asking what if you had only $1, no technology, one hour to solve, or minimal resources only"
structured,Decision Tree Mapping,"Map out all possible decision paths and outcomes to reveal hidden opportunities and risks - visualizes complex choice architectures by identifying possible paths, decision points, and where different choices lead"
structured,Solution Matrix,"Create systematic grid of problem variables and solution approaches to find optimal combinations and discover gaps - identify key variables, solution approaches, test combinations, and identify most effective pairings"
structured,Trait Transfer,"Borrow attributes from successful solutions in unrelated domains to enhance approach - systematically adapts winning characteristics by asking what traits make success X work, how to transfer these traits, and what they'd look like here"
