type,module,relative_path,filename,extension
agent,ate,ate\agents\test-architect.agent.yaml,test-architect.agent.yaml,.yaml
config,ate,ate\data\framework-detection.yaml,framework-detection.yaml,.yaml
document,ate,ate\data\test-patterns\jest-patterns.md,jest-patterns.md,.md
document,ate,ate\data\test-patterns\pytest-patterns.md,pytest-patterns.md,.md
config,ate,ate\module.yaml,module.yaml,.yaml
checklist,ate,ate\workflows\analyze-results\checklist.md,checklist.md,.md
task,ate,ate\workflows\analyze-results\instructions.xml,instructions.xml,.xml
template,ate,ate\workflows\analyze-results\templates\test-report-template.md,test-report-template.md,.md
workflow,ate,ate\workflows\analyze-results\workflow.yaml,workflow.yaml,.yaml
checklist,ate,ate\workflows\coverage-report\checklist.md,checklist.md,.md
document,ate,ate\workflows\coverage-report\instructions.md,instructions.md,.md
template,ate,ate\workflows\coverage-report\templates\coverage-template.md,coverage-template.md,.md
workflow,ate,ate\workflows\coverage-report\workflow.yaml,workflow.yaml,.yaml
checklist,ate,ate\workflows\execute-tests\checklist.md,checklist.md,.md
task,ate,ate\workflows\execute-tests\instructions.xml,instructions.xml,.xml
workflow,ate,ate\workflows\execute-tests\workflow.yaml,workflow.yaml,.yaml
checklist,ate,ate\workflows\generate-tests\checklist.md,checklist.md,.md
task,ate,ate\workflows\generate-tests\instructions.xml,instructions.xml,.xml
workflow,ate,ate\workflows\generate-tests\workflow.yaml,workflow.yaml,.yaml
checklist,ate,ate\workflows\regression-detection\checklist.md,checklist.md,.md
document,ate,ate\workflows\regression-detection\instructions.md,instructions.md,.md
template,ate,ate\workflows\regression-detection\templates\regression-report-template.md,regression-report-template.md,.md
workflow,ate,ate\workflows\regression-detection\workflow.yaml,workflow.yaml,.yaml
checklist,ate,ate\workflows\test-strategy\checklist.md,checklist.md,.md
task,ate,ate\workflows\test-strategy\instructions.xml,instructions.xml,.xml
template,ate,ate\workflows\test-strategy\templates\test-strategy-template.md,test-strategy-template.md,.md
workflow,ate,ate\workflows\test-strategy\workflow.yaml,workflow.yaml,.yaml
document,commands,commands\daidlc-assign.md,daidlc-assign.md,.md
document,commands,commands\daidlc-help.md,daidlc-help.md,.md
document,commands,commands\daidlc-my-work.md,daidlc-my-work.md,.md
document,commands,commands\daidlc-next.md,daidlc-next.md,.md
document,commands,commands\daidlc-publish.md,daidlc-publish.md,.md
document,commands,commands\daidlc-status.md,daidlc-status.md,.md
document,commands,commands\daidlc-team-setup.md,daidlc-team-setup.md,.md
document,commands,commands\daidlc-team-status.md,daidlc-team-status.md,.md
document,commands,commands\daidlc-validate.md,daidlc-validate.md,.md
document,commands,commands\daidlc.md,daidlc.md,.md
agent,core,core\agents\daidlc-master.agent.yaml,daidlc-master.agent.yaml,.yaml
config,core,core\module.yaml,module.yaml,.yaml
task,core,core\tasks\editorial-review-prose.xml,editorial-review-prose.xml,.xml
task,core,core\tasks\editorial-review-structure.xml,editorial-review-structure.xml,.xml
document,core,core\tasks\help.md,help.md,.md
task,core,core\tasks\index-docs.xml,index-docs.xml,.xml
task,core,core\tasks\review-adversarial-general.xml,review-adversarial-general.xml,.xml
task,core,core\tasks\shard-doc.xml,shard-doc.xml,.xml
document,core,core\tasks\status.md,status.md,.md
task,core,core\tasks\workflow.xml,workflow.xml,.xml
data,core,core\workflows\advanced-elicitation\methods.csv,methods.csv,.csv
task,core,core\workflows\advanced-elicitation\workflow.xml,workflow.xml,.xml
data,core,core\workflows\brain-methods.csv,brain-methods.csv,.csv
document,core,core\workflows\collaboration-mode\steps\step-01-agent-loading.md,step-01-agent-loading.md,.md
document,core,core\workflows\collaboration-mode\steps\step-02-discussion-orchestration.md,step-02-discussion-orchestration.md,.md
document,core,core\workflows\collaboration-mode\steps\step-03-graceful-exit.md,step-03-graceful-exit.md,.md
workflow,core,core\workflows\collaboration-mode\workflow.md,workflow.md,.md
document,core,core\workflows\steps\step-01-session-setup.md,step-01-session-setup.md,.md
document,core,core\workflows\steps\step-01b-continue.md,step-01b-continue.md,.md
document,core,core\workflows\steps\step-02a-user-selected.md,step-02a-user-selected.md,.md
document,core,core\workflows\steps\step-02b-ai-recommended.md,step-02b-ai-recommended.md,.md
document,core,core\workflows\steps\step-02c-random-selection.md,step-02c-random-selection.md,.md
document,core,core\workflows\steps\step-02d-progressive-flow.md,step-02d-progressive-flow.md,.md
document,core,core\workflows\steps\step-03-technique-execution.md,step-03-technique-execution.md,.md
document,core,core\workflows\steps\step-04-idea-organization.md,step-04-idea-organization.md,.md
template,core,core\workflows\template.md,template.md,.md
workflow,core,core\workflows\workflow.md,workflow.md,.md
agent,daidlc,daidlc\agents\analyst.agent.yaml,analyst.agent.yaml,.yaml
agent,daidlc,daidlc\agents\architect.agent.yaml,architect.agent.yaml,.yaml
agent,daidlc,daidlc\agents\developer.agent.yaml,developer.agent.yaml,.yaml
agent,daidlc,daidlc\agents\pm.agent.yaml,pm.agent.yaml,.yaml
agent,daidlc,daidlc\agents\qa-engineer.agent.yaml,qa-engineer.agent.yaml,.yaml
agent,daidlc,daidlc\agents\quick-dev.agent.yaml,quick-dev.agent.yaml,.yaml
agent,daidlc,daidlc\agents\scrum-master.agent.yaml,scrum-master.agent.yaml,.yaml
document,daidlc,daidlc\agents\tech-writer-sidecar\documentation-standards.md,documentation-standards.md,.md
agent,daidlc,daidlc\agents\tech-writer.agent.yaml,tech-writer.agent.yaml,.yaml
agent,daidlc,daidlc\agents\ux-designer.agent.yaml,ux-designer.agent.yaml,.yaml
template,daidlc,daidlc\data\daidlc-state-template.yaml,daidlc-state-template.yaml,.yaml
data,daidlc,daidlc\data\module-help.csv,module-help.csv,.csv
template,daidlc,daidlc\data\project-context-template.md,project-context-template.md,.md
config,daidlc,daidlc\module.yaml,module.yaml,.yaml
data,daidlc,daidlc\teams\default-collaboration.csv,default-collaboration.csv,.csv
config,daidlc,daidlc\teams\team-fullstack.yaml,team-fullstack.yaml,.yaml
checklist,daidlc,daidlc\workflows\0-brownfield\reverse-engineering\checklist.md,checklist.md,.md
task,daidlc,daidlc\workflows\0-brownfield\reverse-engineering\instructions.xml,instructions.xml,.xml
data,daidlc,daidlc\workflows\0-brownfield\reverse-engineering\re-project-types.csv,re-project-types.csv,.csv
data,daidlc,daidlc\workflows\0-brownfield\reverse-engineering\re-techniques.csv,re-techniques.csv,.csv
workflow,daidlc,daidlc\workflows\0-brownfield\reverse-engineering\workflow.yaml,workflow.yaml,.yaml
template,daidlc,daidlc\workflows\1-analysis\create-product-brief\product-brief.template.md,product-brief.template.md,.md
document,daidlc,daidlc\workflows\1-analysis\create-product-brief\steps\step-01-init.md,step-01-init.md,.md
document,daidlc,daidlc\workflows\1-analysis\create-product-brief\steps\step-01b-continue.md,step-01b-continue.md,.md
document,daidlc,daidlc\workflows\1-analysis\create-product-brief\steps\step-02-vision.md,step-02-vision.md,.md
document,daidlc,daidlc\workflows\1-analysis\create-product-brief\steps\step-03-users.md,step-03-users.md,.md
document,daidlc,daidlc\workflows\1-analysis\create-product-brief\steps\step-04-metrics.md,step-04-metrics.md,.md
document,daidlc,daidlc\workflows\1-analysis\create-product-brief\steps\step-05-scope.md,step-05-scope.md,.md
document,daidlc,daidlc\workflows\1-analysis\create-product-brief\steps\step-06-complete.md,step-06-complete.md,.md
workflow,daidlc,daidlc\workflows\1-analysis\create-product-brief\workflow.md,workflow.md,.md
document,daidlc,daidlc\workflows\1-analysis\research\domain-steps\step-01-init.md,step-01-init.md,.md
document,daidlc,daidlc\workflows\1-analysis\research\domain-steps\step-02-domain-analysis.md,step-02-domain-analysis.md,.md
document,daidlc,daidlc\workflows\1-analysis\research\domain-steps\step-03-competitive-landscape.md,step-03-competitive-landscape.md,.md
document,daidlc,daidlc\workflows\1-analysis\research\domain-steps\step-04-regulatory-focus.md,step-04-regulatory-focus.md,.md
document,daidlc,daidlc\workflows\1-analysis\research\domain-steps\step-05-technical-trends.md,step-05-technical-trends.md,.md
document,daidlc,daidlc\workflows\1-analysis\research\domain-steps\step-06-research-synthesis.md,step-06-research-synthesis.md,.md
document,daidlc,daidlc\workflows\1-analysis\research\market-steps\step-01-init.md,step-01-init.md,.md
document,daidlc,daidlc\workflows\1-analysis\research\market-steps\step-02-customer-behavior.md,step-02-customer-behavior.md,.md
document,daidlc,daidlc\workflows\1-analysis\research\market-steps\step-03-customer-pain-points.md,step-03-customer-pain-points.md,.md
document,daidlc,daidlc\workflows\1-analysis\research\market-steps\step-04-customer-decisions.md,step-04-customer-decisions.md,.md
document,daidlc,daidlc\workflows\1-analysis\research\market-steps\step-05-competitive-analysis.md,step-05-competitive-analysis.md,.md
document,daidlc,daidlc\workflows\1-analysis\research\market-steps\step-06-research-completion.md,step-06-research-completion.md,.md
template,daidlc,daidlc\workflows\1-analysis\research\research.template.md,research.template.md,.md
document,daidlc,daidlc\workflows\1-analysis\research\technical-steps\step-01-init.md,step-01-init.md,.md
document,daidlc,daidlc\workflows\1-analysis\research\technical-steps\step-02-technical-overview.md,step-02-technical-overview.md,.md
document,daidlc,daidlc\workflows\1-analysis\research\technical-steps\step-03-integration-patterns.md,step-03-integration-patterns.md,.md
document,daidlc,daidlc\workflows\1-analysis\research\technical-steps\step-04-architectural-patterns.md,step-04-architectural-patterns.md,.md
document,daidlc,daidlc\workflows\1-analysis\research\technical-steps\step-05-implementation-research.md,step-05-implementation-research.md,.md
document,daidlc,daidlc\workflows\1-analysis\research\technical-steps\step-06-research-synthesis.md,step-06-research-synthesis.md,.md
workflow,daidlc,daidlc\workflows\1-analysis\research\workflow-domain-research.md,workflow-domain-research.md,.md
workflow,daidlc,daidlc\workflows\1-analysis\research\workflow-market-research.md,workflow-market-research.md,.md
workflow,daidlc,daidlc\workflows\1-analysis\research\workflow-technical-research.md,workflow-technical-research.md,.md
data,daidlc,daidlc\workflows\2-plan-workflows\create-prd\data\domain-complexity.csv,domain-complexity.csv,.csv
document,daidlc,daidlc\workflows\2-plan-workflows\create-prd\data\prd-purpose.md,prd-purpose.md,.md
data,daidlc,daidlc\workflows\2-plan-workflows\create-prd\data\project-types.csv,project-types.csv,.csv
document,daidlc,daidlc\workflows\2-plan-workflows\create-prd\steps-c\step-01-init.md,step-01-init.md,.md
document,daidlc,daidlc\workflows\2-plan-workflows\create-prd\steps-c\step-01b-continue.md,step-01b-continue.md,.md
document,daidlc,daidlc\workflows\2-plan-workflows\create-prd\steps-c\step-02-discovery.md,step-02-discovery.md,.md
document,daidlc,daidlc\workflows\2-plan-workflows\create-prd\steps-c\step-02b-vision.md,step-02b-vision.md,.md
document,daidlc,daidlc\workflows\2-plan-workflows\create-prd\steps-c\step-02c-executive-summary.md,step-02c-executive-summary.md,.md
document,daidlc,daidlc\workflows\2-plan-workflows\create-prd\steps-c\step-03-success.md,step-03-success.md,.md
document,daidlc,daidlc\workflows\2-plan-workflows\create-prd\steps-c\step-04-journeys.md,step-04-journeys.md,.md
document,daidlc,daidlc\workflows\2-plan-workflows\create-prd\steps-c\step-05-domain.md,step-05-domain.md,.md
document,daidlc,daidlc\workflows\2-plan-workflows\create-prd\steps-c\step-06-innovation.md,step-06-innovation.md,.md
document,daidlc,daidlc\workflows\2-plan-workflows\create-prd\steps-c\step-07-project-type.md,step-07-project-type.md,.md
document,daidlc,daidlc\workflows\2-plan-workflows\create-prd\steps-c\step-08-scoping.md,step-08-scoping.md,.md
document,daidlc,daidlc\workflows\2-plan-workflows\create-prd\steps-c\step-09-functional.md,step-09-functional.md,.md
document,daidlc,daidlc\workflows\2-plan-workflows\create-prd\steps-c\step-10-nonfunctional.md,step-10-nonfunctional.md,.md
document,daidlc,daidlc\workflows\2-plan-workflows\create-prd\steps-c\step-11-polish.md,step-11-polish.md,.md
document,daidlc,daidlc\workflows\2-plan-workflows\create-prd\steps-c\step-12-complete.md,step-12-complete.md,.md
document,daidlc,daidlc\workflows\2-plan-workflows\create-prd\steps-e\step-e-01-discovery.md,step-e-01-discovery.md,.md
document,daidlc,daidlc\workflows\2-plan-workflows\create-prd\steps-e\step-e-01b-legacy-conversion.md,step-e-01b-legacy-conversion.md,.md
document,daidlc,daidlc\workflows\2-plan-workflows\create-prd\steps-e\step-e-02-review.md,step-e-02-review.md,.md
document,daidlc,daidlc\workflows\2-plan-workflows\create-prd\steps-e\step-e-03-edit.md,step-e-03-edit.md,.md
document,daidlc,daidlc\workflows\2-plan-workflows\create-prd\steps-e\step-e-04-complete.md,step-e-04-complete.md,.md
document,daidlc,daidlc\workflows\2-plan-workflows\create-prd\steps-v\step-v-01-discovery.md,step-v-01-discovery.md,.md
document,daidlc,daidlc\workflows\2-plan-workflows\create-prd\steps-v\step-v-02-format-detection.md,step-v-02-format-detection.md,.md
document,daidlc,daidlc\workflows\2-plan-workflows\create-prd\steps-v\step-v-02b-parity-check.md,step-v-02b-parity-check.md,.md
document,daidlc,daidlc\workflows\2-plan-workflows\create-prd\steps-v\step-v-03-density-validation.md,step-v-03-density-validation.md,.md
document,daidlc,daidlc\workflows\2-plan-workflows\create-prd\steps-v\step-v-04-brief-coverage-validation.md,step-v-04-brief-coverage-validation.md,.md
document,daidlc,daidlc\workflows\2-plan-workflows\create-prd\steps-v\step-v-05-measurability-validation.md,step-v-05-measurability-validation.md,.md
document,daidlc,daidlc\workflows\2-plan-workflows\create-prd\steps-v\step-v-06-traceability-validation.md,step-v-06-traceability-validation.md,.md
document,daidlc,daidlc\workflows\2-plan-workflows\create-prd\steps-v\step-v-07-implementation-leakage-validation.md,step-v-07-implementation-leakage-validation.md,.md
document,daidlc,daidlc\workflows\2-plan-workflows\create-prd\steps-v\step-v-08-domain-compliance-validation.md,step-v-08-domain-compliance-validation.md,.md
document,daidlc,daidlc\workflows\2-plan-workflows\create-prd\steps-v\step-v-09-project-type-validation.md,step-v-09-project-type-validation.md,.md
document,daidlc,daidlc\workflows\2-plan-workflows\create-prd\steps-v\step-v-10-smart-validation.md,step-v-10-smart-validation.md,.md
document,daidlc,daidlc\workflows\2-plan-workflows\create-prd\steps-v\step-v-11-holistic-quality-validation.md,step-v-11-holistic-quality-validation.md,.md
document,daidlc,daidlc\workflows\2-plan-workflows\create-prd\steps-v\step-v-12-completeness-validation.md,step-v-12-completeness-validation.md,.md
document,daidlc,daidlc\workflows\2-plan-workflows\create-prd\steps-v\step-v-13-report-complete.md,step-v-13-report-complete.md,.md
template,daidlc,daidlc\workflows\2-plan-workflows\create-prd\templates\prd-template.md,prd-template.md,.md
workflow,daidlc,daidlc\workflows\2-plan-workflows\create-prd\workflow-create-prd.md,workflow-create-prd.md,.md
workflow,daidlc,daidlc\workflows\2-plan-workflows\create-prd\workflow-edit-prd.md,workflow-edit-prd.md,.md
workflow,daidlc,daidlc\workflows\2-plan-workflows\create-prd\workflow-validate-prd.md,workflow-validate-prd.md,.md
document,daidlc,daidlc\workflows\2-plan-workflows\create-ux-design\steps\step-01-init.md,step-01-init.md,.md
document,daidlc,daidlc\workflows\2-plan-workflows\create-ux-design\steps\step-01b-continue.md,step-01b-continue.md,.md
document,daidlc,daidlc\workflows\2-plan-workflows\create-ux-design\steps\step-02-discovery.md,step-02-discovery.md,.md
document,daidlc,daidlc\workflows\2-plan-workflows\create-ux-design\steps\step-03-core-experience.md,step-03-core-experience.md,.md
document,daidlc,daidlc\workflows\2-plan-workflows\create-ux-design\steps\step-04-emotional-response.md,step-04-emotional-response.md,.md
document,daidlc,daidlc\workflows\2-plan-workflows\create-ux-design\steps\step-05-inspiration.md,step-05-inspiration.md,.md
document,daidlc,daidlc\workflows\2-plan-workflows\create-ux-design\steps\step-06-design-system.md,step-06-design-system.md,.md
document,daidlc,daidlc\workflows\2-plan-workflows\create-ux-design\steps\step-07-defining-experience.md,step-07-defining-experience.md,.md
document,daidlc,daidlc\workflows\2-plan-workflows\create-ux-design\steps\step-08-visual-foundation.md,step-08-visual-foundation.md,.md
document,daidlc,daidlc\workflows\2-plan-workflows\create-ux-design\steps\step-09-design-directions.md,step-09-design-directions.md,.md
document,daidlc,daidlc\workflows\2-plan-workflows\create-ux-design\steps\step-10-user-journeys.md,step-10-user-journeys.md,.md
document,daidlc,daidlc\workflows\2-plan-workflows\create-ux-design\steps\step-11-component-strategy.md,step-11-component-strategy.md,.md
document,daidlc,daidlc\workflows\2-plan-workflows\create-ux-design\steps\step-12-ux-patterns.md,step-12-ux-patterns.md,.md
document,daidlc,daidlc\workflows\2-plan-workflows\create-ux-design\steps\step-13-responsive-accessibility.md,step-13-responsive-accessibility.md,.md
document,daidlc,daidlc\workflows\2-plan-workflows\create-ux-design\steps\step-14-complete.md,step-14-complete.md,.md
template,daidlc,daidlc\workflows\2-plan-workflows\create-ux-design\ux-design-template.md,ux-design-template.md,.md
workflow,daidlc,daidlc\workflows\2-plan-workflows\create-ux-design\workflow.md,workflow.md,.md
document,daidlc,daidlc\workflows\3-solutioning\check-implementation-readiness\steps\step-01-document-discovery.md,step-01-document-discovery.md,.md
document,daidlc,daidlc\workflows\3-solutioning\check-implementation-readiness\steps\step-02-prd-analysis.md,step-02-prd-analysis.md,.md
document,daidlc,daidlc\workflows\3-solutioning\check-implementation-readiness\steps\step-03-epic-coverage-validation.md,step-03-epic-coverage-validation.md,.md
document,daidlc,daidlc\workflows\3-solutioning\check-implementation-readiness\steps\step-04-ux-alignment.md,step-04-ux-alignment.md,.md
document,daidlc,daidlc\workflows\3-solutioning\check-implementation-readiness\steps\step-05-epic-quality-review.md,step-05-epic-quality-review.md,.md
document,daidlc,daidlc\workflows\3-solutioning\check-implementation-readiness\steps\step-06-final-assessment.md,step-06-final-assessment.md,.md
template,daidlc,daidlc\workflows\3-solutioning\check-implementation-readiness\templates\readiness-report-template.md,readiness-report-template.md,.md
workflow,daidlc,daidlc\workflows\3-solutioning\check-implementation-readiness\workflow.md,workflow.md,.md
template,daidlc,daidlc\workflows\3-solutioning\create-architecture\architecture-decision-template.md,architecture-decision-template.md,.md
data,daidlc,daidlc\workflows\3-solutioning\create-architecture\data\domain-complexity.csv,domain-complexity.csv,.csv
data,daidlc,daidlc\workflows\3-solutioning\create-architecture\data\project-types.csv,project-types.csv,.csv
document,daidlc,daidlc\workflows\3-solutioning\create-architecture\steps\step-01-init.md,step-01-init.md,.md
document,daidlc,daidlc\workflows\3-solutioning\create-architecture\steps\step-01b-continue.md,step-01b-continue.md,.md
document,daidlc,daidlc\workflows\3-solutioning\create-architecture\steps\step-02-context.md,step-02-context.md,.md
document,daidlc,daidlc\workflows\3-solutioning\create-architecture\steps\step-03-starter.md,step-03-starter.md,.md
document,daidlc,daidlc\workflows\3-solutioning\create-architecture\steps\step-04-decisions.md,step-04-decisions.md,.md
document,daidlc,daidlc\workflows\3-solutioning\create-architecture\steps\step-05-patterns.md,step-05-patterns.md,.md
document,daidlc,daidlc\workflows\3-solutioning\create-architecture\steps\step-06-structure.md,step-06-structure.md,.md
document,daidlc,daidlc\workflows\3-solutioning\create-architecture\steps\step-07-validation.md,step-07-validation.md,.md
document,daidlc,daidlc\workflows\3-solutioning\create-architecture\steps\step-08-complete.md,step-08-complete.md,.md
workflow,daidlc,daidlc\workflows\3-solutioning\create-architecture\workflow.md,workflow.md,.md
document,daidlc,daidlc\workflows\3-solutioning\create-epics-and-stories\steps\step-01-validate-prerequisites.md,step-01-validate-prerequisites.md,.md
document,daidlc,daidlc\workflows\3-solutioning\create-epics-and-stories\steps\step-02-design-epics.md,step-02-design-epics.md,.md
document,daidlc,daidlc\workflows\3-solutioning\create-epics-and-stories\steps\step-03-create-stories.md,step-03-create-stories.md,.md
document,daidlc,daidlc\workflows\3-solutioning\create-epics-and-stories\steps\step-04-final-validation.md,step-04-final-validation.md,.md
template,daidlc,daidlc\workflows\3-solutioning\create-epics-and-stories\templates\epics-template.md,epics-template.md,.md
workflow,daidlc,daidlc\workflows\3-solutioning\create-epics-and-stories\workflow.md,workflow.md,.md
checklist,daidlc,daidlc\workflows\3-solutioning\infrastructure-design\checklist.md,checklist.md,.md
task,daidlc,daidlc\workflows\3-solutioning\infrastructure-design\instructions.xml,instructions.xml,.xml
template,daidlc,daidlc\workflows\3-solutioning\infrastructure-design\templates\infrastructure-design-template.md,infrastructure-design-template.md,.md
workflow,daidlc,daidlc\workflows\3-solutioning\infrastructure-design\workflow.yaml,workflow.yaml,.yaml
checklist,daidlc,daidlc\workflows\3-solutioning\nfr-design\checklist.md,checklist.md,.md
task,daidlc,daidlc\workflows\3-solutioning\nfr-design\instructions.xml,instructions.xml,.xml
template,daidlc,daidlc\workflows\3-solutioning\nfr-design\templates\nfr-design-template.md,nfr-design-template.md,.md
workflow,daidlc,daidlc\workflows\3-solutioning\nfr-design\workflow.yaml,workflow.yaml,.yaml
checklist,daidlc,daidlc\workflows\3-solutioning\nfr-requirements\checklist.md,checklist.md,.md
task,daidlc,daidlc\workflows\3-solutioning\nfr-requirements\instructions.xml,instructions.xml,.xml
template,daidlc,daidlc\workflows\3-solutioning\nfr-requirements\templates\nfr-requirements-template.md,nfr-requirements-template.md,.md
workflow,daidlc,daidlc\workflows\3-solutioning\nfr-requirements\workflow.yaml,workflow.yaml,.yaml
checklist,daidlc,daidlc\workflows\4-implementation\code-review\checklist.md,checklist.md,.md
task,daidlc,daidlc\workflows\4-implementation\code-review\instructions.xml,instructions.xml,.xml
workflow,daidlc,daidlc\workflows\4-implementation\code-review\workflow.yaml,workflow.yaml,.yaml
checklist,daidlc,daidlc\workflows\4-implementation\correct-course\checklist.md,checklist.md,.md
document,daidlc,daidlc\workflows\4-implementation\correct-course\instructions.md,instructions.md,.md
workflow,daidlc,daidlc\workflows\4-implementation\correct-course\workflow.yaml,workflow.yaml,.yaml
checklist,daidlc,daidlc\workflows\4-implementation\create-story\checklist.md,checklist.md,.md
task,daidlc,daidlc\workflows\4-implementation\create-story\instructions.xml,instructions.xml,.xml
template,daidlc,daidlc\workflows\4-implementation\create-story\template.md,template.md,.md
workflow,daidlc,daidlc\workflows\4-implementation\create-story\workflow.yaml,workflow.yaml,.yaml
checklist,daidlc,daidlc\workflows\4-implementation\dev-story\checklist.md,checklist.md,.md
task,daidlc,daidlc\workflows\4-implementation\dev-story\instructions.xml,instructions.xml,.xml
workflow,daidlc,daidlc\workflows\4-implementation\dev-story\workflow.yaml,workflow.yaml,.yaml
document,daidlc,daidlc\workflows\4-implementation\retrospective\instructions.md,instructions.md,.md
workflow,daidlc,daidlc\workflows\4-implementation\retrospective\workflow.yaml,workflow.yaml,.yaml
checklist,daidlc,daidlc\workflows\4-implementation\sprint-planning\checklist.md,checklist.md,.md
document,daidlc,daidlc\workflows\4-implementation\sprint-planning\instructions.md,instructions.md,.md
template,daidlc,daidlc\workflows\4-implementation\sprint-planning\sprint-status-template.yaml,sprint-status-template.yaml,.yaml
workflow,daidlc,daidlc\workflows\4-implementation\sprint-planning\workflow.yaml,workflow.yaml,.yaml
document,daidlc,daidlc\workflows\4-implementation\sprint-status\instructions.md,instructions.md,.md
workflow,daidlc,daidlc\workflows\4-implementation\sprint-status\workflow.yaml,workflow.yaml,.yaml
checklist,daidlc,daidlc\workflows\document-project\checklist.md,checklist.md,.md
data,daidlc,daidlc\workflows\document-project\documentation-requirements.csv,documentation-requirements.csv,.csv
document,daidlc,daidlc\workflows\document-project\instructions.md,instructions.md,.md
template,daidlc,daidlc\workflows\document-project\templates\deep-dive-template.md,deep-dive-template.md,.md
template,daidlc,daidlc\workflows\document-project\templates\index-template.md,index-template.md,.md
template,daidlc,daidlc\workflows\document-project\templates\project-overview-template.md,project-overview-template.md,.md
file,daidlc,daidlc\workflows\document-project\templates\project-scan-report-schema.json,project-scan-report-schema.json,.json
template,daidlc,daidlc\workflows\document-project\templates\source-tree-template.md,source-tree-template.md,.md
workflow,daidlc,daidlc\workflows\document-project\workflow.yaml,workflow.yaml,.yaml
document,daidlc,daidlc\workflows\document-project\workflows\deep-dive-instructions.md,deep-dive-instructions.md,.md
config,daidlc,daidlc\workflows\document-project\workflows\deep-dive.yaml,deep-dive.yaml,.yaml
document,daidlc,daidlc\workflows\document-project\workflows\full-scan-instructions.md,full-scan-instructions.md,.md
config,daidlc,daidlc\workflows\document-project\workflows\full-scan.yaml,full-scan.yaml,.yaml
template,daidlc,daidlc\workflows\generate-project-context\project-context-template.md,project-context-template.md,.md
document,daidlc,daidlc\workflows\generate-project-context\steps\step-01-discover.md,step-01-discover.md,.md
document,daidlc,daidlc\workflows\generate-project-context\steps\step-02-generate.md,step-02-generate.md,.md
document,daidlc,daidlc\workflows\generate-project-context\steps\step-03-complete.md,step-03-complete.md,.md
workflow,daidlc,daidlc\workflows\generate-project-context\workflow.md,workflow.md,.md
checklist,daidlc,daidlc\workflows\qa\automate\checklist.md,checklist.md,.md
document,daidlc,daidlc\workflows\qa\automate\instructions.md,instructions.md,.md
workflow,daidlc,daidlc\workflows\qa\automate\workflow.yaml,workflow.yaml,.yaml
document,daidlc,daidlc\workflows\quick-flow\quick-dev\steps\step-01-mode-detection.md,step-01-mode-detection.md,.md
document,daidlc,daidlc\workflows\quick-flow\quick-dev\steps\step-02-context-gathering.md,step-02-context-gathering.md,.md
document,daidlc,daidlc\workflows\quick-flow\quick-dev\steps\step-03-execute.md,step-03-execute.md,.md
document,daidlc,daidlc\workflows\quick-flow\quick-dev\steps\step-04-self-check.md,step-04-self-check.md,.md
document,daidlc,daidlc\workflows\quick-flow\quick-dev\steps\step-05-adversarial-review.md,step-05-adversarial-review.md,.md
document,daidlc,daidlc\workflows\quick-flow\quick-dev\steps\step-06-resolve-findings.md,step-06-resolve-findings.md,.md
workflow,daidlc,daidlc\workflows\quick-flow\quick-dev\workflow.md,workflow.md,.md
document,daidlc,daidlc\workflows\quick-flow\quick-spec\steps\step-01-understand.md,step-01-understand.md,.md
document,daidlc,daidlc\workflows\quick-flow\quick-spec\steps\step-02-investigate.md,step-02-investigate.md,.md
document,daidlc,daidlc\workflows\quick-flow\quick-spec\steps\step-03-generate.md,step-03-generate.md,.md
document,daidlc,daidlc\workflows\quick-flow\quick-spec\steps\step-04-review.md,step-04-review.md,.md
template,daidlc,daidlc\workflows\quick-flow\quick-spec\tech-spec-template.md,tech-spec-template.md,.md
workflow,daidlc,daidlc\workflows\quick-flow\quick-spec\workflow.md,workflow.md,.md
document,daidlc,daidlc\workflows\team\assign-stories\instructions.md,instructions.md,.md
workflow,daidlc,daidlc\workflows\team\assign-stories\workflow.yaml,workflow.yaml,.yaml
document,daidlc,daidlc\workflows\team\my-work\instructions.md,instructions.md,.md
workflow,daidlc,daidlc\workflows\team\my-work\workflow.yaml,workflow.yaml,.yaml
document,daidlc,daidlc\workflows\team\publish-stories\instructions.md,instructions.md,.md
workflow,daidlc,daidlc\workflows\team\publish-stories\workflow.yaml,workflow.yaml,.yaml
document,daidlc,daidlc\workflows\team\team-setup\instructions.md,instructions.md,.md
template,daidlc,daidlc\workflows\team\team-setup\template-git-workflow.md,template-git-workflow.md,.md
template,daidlc,daidlc\workflows\team\team-setup\template-pr-template.md,template-pr-template.md,.md
template,daidlc,daidlc\workflows\team\team-setup\template-roster.md,template-roster.md,.md
workflow,daidlc,daidlc\workflows\team\team-setup\workflow.yaml,workflow.yaml,.yaml
file,daidlc,daidlc\workflows\team\team-status\.gitkeep,.gitkeep,
document,daidlc,daidlc\workflows\team\team-status\instructions.md,instructions.md,.md
template,daidlc,daidlc\workflows\team\team-status\template-report.md,template-report.md,.md
workflow,daidlc,daidlc\workflows\team\team-status\workflow.yaml,workflow.yaml,.yaml
agent,gov,gov\agents\governance-officer.agent.yaml,governance-officer.agent.yaml,.yaml
template,gov,gov\data\question-file-template.md,question-file-template.md,.md
config,gov,gov\data\stage-gate-rules.yaml,stage-gate-rules.yaml,.yaml
config,gov,gov\module.yaml,module.yaml,.yaml
task,gov,gov\tasks\inject-governance.xml,inject-governance.xml,.xml
checklist,gov,gov\workflows\audit\checklist.md,checklist.md,.md
document,gov,gov\workflows\audit\instructions.md,instructions.md,.md
template,gov,gov\workflows\audit\template.md,template.md,.md
workflow,gov,gov\workflows\audit\workflow.yaml,workflow.yaml,.yaml
checklist,gov,gov\workflows\content-validation\checklist.md,checklist.md,.md
document,gov,gov\workflows\content-validation\instructions.md,instructions.md,.md
workflow,gov,gov\workflows\content-validation\workflow.yaml,workflow.yaml,.yaml
checklist,gov,gov\workflows\validate-stage\checklist.md,checklist.md,.md
task,gov,gov\workflows\validate-stage\instructions.xml,instructions.xml,.xml
workflow,gov,gov\workflows\validate-stage\workflow.yaml,workflow.yaml,.yaml
agent,std,std\agents\compliance-officer.agent.yaml,compliance-officer.agent.yaml,.yaml
checklist,std,std\data\owasp-top-10-checklist.md,owasp-top-10-checklist.md,.md
config,std,std\module.yaml,module.yaml,.yaml
checklist,std,std\workflows\compliance-check\checklist.md,checklist.md,.md
document,std,std\workflows\compliance-check\instructions.md,instructions.md,.md
template,std,std\workflows\compliance-check\templates\compliance-report-template.md,compliance-report-template.md,.md
workflow,std,std\workflows\compliance-check\workflow.yaml,workflow.yaml,.yaml
checklist,std,std\workflows\security-review\checklist.md,checklist.md,.md
task,std,std\workflows\security-review\instructions.xml,instructions.xml,.xml
workflow,std,std\workflows\security-review\workflow.yaml,workflow.yaml,.yaml
checklist,std,std\workflows\tech-stack-validation\checklist.md,checklist.md,.md
document,std,std\workflows\tech-stack-validation\instructions.md,instructions.md,.md
workflow,std,std\workflows\tech-stack-validation\workflow.yaml,workflow.yaml,.yaml
component,utility,utility\agent-components\activation-rules.txt,activation-rules.txt,.txt
component,utility,utility\agent-components\activation-steps.txt,activation-steps.txt,.txt
document,utility,utility\agent-components\agent-command-header.md,agent-command-header.md,.md
template,utility,utility\agent-components\agent.customize.template.yaml,agent.customize.template.yaml,.yaml
component,utility,utility\agent-components\handler-action.txt,handler-action.txt,.txt
component,utility,utility\agent-components\handler-data.txt,handler-data.txt,.txt
component,utility,utility\agent-components\handler-exec.txt,handler-exec.txt,.txt
component,utility,utility\agent-components\handler-multi.txt,handler-multi.txt,.txt
component,utility,utility\agent-components\handler-tmpl.txt,handler-tmpl.txt,.txt
component,utility,utility\agent-components\handler-validate-workflow.txt,handler-validate-workflow.txt,.txt
component,utility,utility\agent-components\handler-workflow.txt,handler-workflow.txt,.txt
component,utility,utility\agent-components\menu-handlers.txt,menu-handlers.txt,.txt
