module,phase,workflow_name,file_path
ate,unknown,analyze-results,_daidlc/ate\workflows\analyze-results\workflow.yaml
ate,unknown,coverage-report,_daidlc/ate\workflows\coverage-report\workflow.yaml
ate,unknown,execute-tests,_daidlc/ate\workflows\execute-tests\workflow.yaml
ate,unknown,generate-tests,_daidlc/ate\workflows\generate-tests\workflow.yaml
ate,unknown,regression-detection,_daidlc/ate\workflows\regression-detection\workflow.yaml
ate,unknown,test-strategy,_daidlc/ate\workflows\test-strategy\workflow.yaml
daidlc,unknown,reverse-engineering,_daidlc/daidlc\workflows\0-brownfield\reverse-engineering\workflow.yaml
daidlc,unknown,infrastructure-design,_daidlc/daidlc\workflows\3-solutioning\infrastructure-design\workflow.yaml
daidlc,unknown,nfr-design,_daidlc/daidlc\workflows\3-solutioning\nfr-design\workflow.yaml
daidlc,unknown,nfr-requirements,_daidlc/daidlc\workflows\3-solutioning\nfr-requirements\workflow.yaml
daidlc,unknown,code-review,_daidlc/daidlc\workflows\4-implementation\code-review\workflow.yaml
daidlc,unknown,correct-course,_daidlc/daidlc\workflows\4-implementation\correct-course\workflow.yaml
daidlc,unknown,create-story,_daidlc/daidlc\workflows\4-implementation\create-story\workflow.yaml
daidlc,unknown,dev-story,_daidlc/daidlc\workflows\4-implementation\dev-story\workflow.yaml
daidlc,unknown,retrospective,_daidlc/daidlc\workflows\4-implementation\retrospective\workflow.yaml
daidlc,unknown,sprint-planning,_daidlc/daidlc\workflows\4-implementation\sprint-planning\workflow.yaml
daidlc,unknown,sprint-status,_daidlc/daidlc\workflows\4-implementation\sprint-status\workflow.yaml
daidlc,unknown,document-project,_daidlc/daidlc\workflows\document-project\workflow.yaml
daidlc,unknown,automate,_daidlc/daidlc\workflows\qa\automate\workflow.yaml
daidlc,unknown,assign-stories,_daidlc/daidlc\workflows\team\assign-stories\workflow.yaml
daidlc,unknown,my-work,_daidlc/daidlc\workflows\team\my-work\workflow.yaml
daidlc,unknown,publish-stories,_daidlc/daidlc\workflows\team\publish-stories\workflow.yaml
daidlc,unknown,team-setup,_daidlc/daidlc\workflows\team\team-setup\workflow.yaml
daidlc,unknown,team-status,_daidlc/daidlc\workflows\team\team-status\workflow.yaml
gov,unknown,audit,_daidlc/gov\workflows\audit\workflow.yaml
gov,unknown,content-validation,_daidlc/gov\workflows\content-validation\workflow.yaml
gov,unknown,validate-stage,_daidlc/gov\workflows\validate-stage\workflow.yaml
std,unknown,compliance-check,_daidlc/std\workflows\compliance-check\workflow.yaml
std,unknown,security-review,_daidlc/std\workflows\security-review\workflow.yaml
std,unknown,tech-stack-validation,_daidlc/std\workflows\tech-stack-validation\workflow.yaml
core,unknown,collaboration-mode,_daidlc/core\workflows\collaboration-mode\workflow.md
core,unknown,workflow,_daidlc/core\workflows\workflow.md
daidlc,unknown,create-product-brief,_daidlc/daidlc\workflows\1-analysis\create-product-brief\workflow.md
daidlc,unknown,create-ux-design,_daidlc/daidlc\workflows\2-plan-workflows\create-ux-design\workflow.md
daidlc,unknown,check-implementation-readiness,_daidlc/daidlc\workflows\3-solutioning\check-implementation-readiness\workflow.md
daidlc,unknown,create-architecture,_daidlc/daidlc\workflows\3-solutioning\create-architecture\workflow.md
daidlc,unknown,create-epics-and-stories,_daidlc/daidlc\workflows\3-solutioning\create-epics-and-stories\workflow.md
daidlc,unknown,generate-project-context,_daidlc/daidlc\workflows\generate-project-context\workflow.md
daidlc,unknown,quick-dev,_daidlc/daidlc\workflows\quick-flow\quick-dev\workflow.md
daidlc,unknown,quick-spec,_daidlc/daidlc\workflows\quick-flow\quick-spec\workflow.md
daidlc,unknown,research,_daidlc/daidlc\workflows\1-analysis\research\workflow-domain-research.md
daidlc,unknown,research,_daidlc/daidlc\workflows\1-analysis\research\workflow-market-research.md
daidlc,unknown,research,_daidlc/daidlc\workflows\1-analysis\research\workflow-technical-research.md
daidlc,unknown,create-prd,_daidlc/daidlc\workflows\2-plan-workflows\create-prd\workflow-create-prd.md
daidlc,unknown,create-prd,_daidlc/daidlc\workflows\2-plan-workflows\create-prd\workflow-edit-prd.md
daidlc,unknown,create-prd,_daidlc/daidlc\workflows\2-plan-workflows\create-prd\workflow-validate-prd.md
