domain,signals,complexity,key_concerns,required_knowledge,suggested_workflow,web_searches,special_sections
govcon,"government contract,DCAA,FAR,DFARS,indirect rate,costpoint,CMMC,ITAR,cost accounting,defense contractor,GovCon",high,"FAR/DFARS compliance;DCAA audit readiness;CAS cost accounting standards;CMMC cybersecurity;ITAR export controls;Indirect rate management;Contract type handling (FFP/T&M/CPFF);Incurred cost submissions","FAR Part 31 cost principles;Government contract accounting;Indirect rate computation;SF-1408 accounting adequacy;DCAA audit requirements;Contract funding management;Revenue recognition ASC 606","domain-research","FAR DFARS compliance software {date};DCAA audit readiness requirements;CMMC cybersecurity certification {date};government contract accounting standards","compliance_matrix;dcaa_audit_checklist;indirect_rate_structure;contract_type_rules;timekeeping_compliance;audit_trail_requirements"
construction,"construction,job costing,prevailing wage,certified payroll,retainage,AIA billing,change order,WIP schedule,lien waiver,general contractor,subcontractor,ComputerEase",high,"Davis-Bacon prevailing wage;Certified payroll (WH-347);AIA billing (G702/G703);Lien waiver compliance;Retainage management;Job cost accounting;Change order management;WIP over/under billing","Construction job cost accounting;Prevailing wage computation;Certified payroll generation;AIA billing workflow;Lien waiver rules by state;WIP schedule preparation;Subcontract management;Equipment costing","domain-research","construction accounting standards {date};prevailing wage compliance software;AIA billing requirements;certified payroll WH-347 requirements","job_cost_structure;prevailing_wage_engine;aia_billing_module;retainage_tracking;lien_waiver_management;change_order_workflow;wip_schedule"
aec,"architecture,engineering,A&E,AEC,design firm,Vantagepoint,Ajera,Specpoint,multiplier,utilization rate,subconsultant,project accounting",medium,"AIA billing standards;Brooks Act QBS;State licensing (PE/RA);Multiplier-based billing;ASC 606 revenue recognition;Resource utilization tracking","Project-based accounting;A&E project lifecycle phases;Multiplier pricing models;AIA document standards;Subconsultant management;Resource planning;CRM-to-project lifecycle","domain-research","architecture engineering firm software {date};AIA billing standards;project accounting A&E;resource utilization professional services","project_accounting_model;resource_planning;aia_billing_support;multiplier_rate_config;utilization_dashboards;subconsultant_management"
professional_services,"professional services,CPA,consulting,creative agency,marketing agency,Maconomy,Workbook,utilization,billable hours,project profitability,retainer,engagement,PSO",medium,"Time and expense accuracy;Project profitability;Resource utilization;Revenue recognition ASC 606/IFRS 15;Multi-currency operations;Multiple billing models","Professional services accounting;Time and expense workflows;Resource capacity planning;Billing models (T&M/fixed/retainer);Revenue recognition;Multi-entity consolidation","domain-research","professional services automation {date};PSA software requirements;resource utilization optimization;ASC 606 professional services","time_expense_module;billing_model_config;resource_planning;profitability_analysis;revenue_recognition;multi_currency_support"
healthcare,"medical,diagnostic,clinical,FDA,patient,treatment,HIPAA,therapy,pharma,drug",high,"FDA approval;Clinical validation;HIPAA compliance;Patient safety;Medical device classification;Liability","Regulatory pathways;Clinical trial design;Medical standards;Data privacy;Integration requirements","domain-research","FDA software medical device guidance {date};HIPAA compliance software requirements;Medical software standards {date};Clinical validation software","clinical_requirements;regulatory_pathway;validation_methodology;safety_measures"
fintech,"payment,banking,trading,investment,wallet,transaction,KYC,AML,funds,fintech",high,"Regional compliance;Security standards;Audit requirements;Fraud prevention;Data protection","KYC/AML requirements;PCI DSS;Open banking;Regional laws (US/EU/APAC)","domain-research","fintech regulations {date};payment processing compliance {date};open banking API standards","compliance_matrix;security_architecture;audit_requirements;fraud_prevention"
process_control,"industrial automation,process control,PLC,SCADA,DCS,HMI,operational technology,OT,control system,cyberphysical,MES,historian,instrumentation,I&C,P&ID",high,"Functional safety;OT cybersecurity;Real-time control requirements;Legacy system integration;Process safety and hazard analysis;Environmental compliance and permitting;Engineering authority and PE requirements","Functional safety standards;OT security frameworks;Industrial protocols;Process control architecture;Plant reliability and maintainability","domain-research + technical-model","IEC 62443 OT cybersecurity requirements {date};functional safety software requirements {date};industrial process control architecture;ISA-95 manufacturing integration","functional_safety;ot_security;process_requirements;engineering_authority"
building_automation,"building automation,BAS,BMS,HVAC,smart building,lighting control,fire alarm,fire protection,fire suppression,life safety,elevator,access control,DDC,energy management,sequence of operations,commissioning",high,"Life safety codes;Building energy standards;Multi-trade coordination and interoperability;Commissioning and ongoing operational performance;Indoor environmental quality and occupant comfort;Engineering authority and PE requirements","Building automation protocols;HVAC and mechanical controls;Fire alarm, fire protection, and life safety design;Commissioning process and sequence of operations;Building codes and energy standards","domain-research","smart building software architecture {date};BACnet integration best practices;building automation cybersecurity {date};ASHRAE building standards","life_safety;energy_compliance;commissioning_requirements;engineering_authority"
cloud_saas,"cloud,SaaS,AWS,Azure,GCP,OCI,SRE,observability,FinOps,cost optimization,multi-region,Kubernetes,serverless,monitoring,platform engineering,infrastructure",high,"Cloud provider selection (AWS/Azure/GCP/OCI);Multi-region and DR strategy;SRE practices (SLO/SLI/error budgets);FinOps cost governance (tagging/budgets/commitment);Managed vs self-hosted service decisions;Observability stack (metrics/logs/traces);Auto-scaling and capacity planning;Cloud security (IAM/network segmentation/secrets management)","Cloud provider services and trade-offs;Multi-region architecture patterns;SRE principles and error budget management;FinOps cost allocation and optimization;Kubernetes and container orchestration;Serverless architecture patterns;Cloud security best practices;Observability and monitoring design","domain-research","cloud architecture best practices {date};SRE observability patterns;FinOps cost optimization cloud {date};multi-region disaster recovery patterns;AWS Azure GCP architecture comparison","cloud_provider_selection;multi_region_strategy;sre_observability_design;finops_cost_governance;managed_service_decisions;scaling_strategy;cloud_security_architecture;dr_failover_plan"
general,"",low,"Standard requirements;Basic security;User experience;Performance","General software practices","continue","software development best practices {date}","standard_requirements"
