project_type,detection_signals,priority_categories,recommended_depth,key_artifacts
frontend,"package.json with react/vue/angular/svelte; src/components/; .tsx/.jsx files; webpack/vite config; public/index.html","framework_specific,data_flow,quality,performance","standard","component-inventory,code-structure,technology-stack,code-quality-assessment"
backend,"package.json with express/fastify/nestjs; requirements.txt with django/flask/fastapi; pom.xml with spring; Gemfile with rails; src/controllers/ or src/routes/","api_surface,data_layer,security,architecture","standard","api-documentation,architecture,code-quality-assessment,dependencies"
fullstack,"next.config.js; nuxt.config.ts; package.json with both react+express; src/pages/ + src/api/; server/ + client/ directories","architecture,api_surface,data_flow,framework_specific","standard","architecture,api-documentation,component-inventory,code-structure"
api,"openapi.yaml/swagger.json; src/routes/ without UI; no public/ or components/; primarily controllers+services+models","api_surface,security,data_layer,architecture","standard","api-documentation,architecture,code-quality-assessment,dependencies"
microservices,"docker-compose with multiple services; kubernetes manifests; multiple package.json/go.mod; service-to-service HTTP calls; message queues","architecture,integration,infrastructure,security","deep","architecture,api-documentation,technology-stack,dependencies,component-inventory"
monolith,"single large application; one package.json with many features; large src/ with many modules; shared database","architecture,quality,data_layer,data_flow","standard","architecture,code-structure,component-inventory,code-quality-assessment"
cli,"bin/ directory; commander/yargs/argparse deps; process.argv handling; no HTTP server; main entry point with command parsing","architecture,quality,data_flow","quick","code-structure,technology-stack,code-quality-assessment"
library,"index.ts/index.js as main export; package.json with main/module/exports fields; no application server; published to npm/pypi/maven","api_surface,quality,architecture","standard","api-documentation,code-structure,dependencies,code-quality-assessment"
data_pipeline,"airflow DAGs; ETL scripts; data transformation files; pandas/spark/dbt usage; scheduled jobs; input/output data directories","data_flow,data_layer,infrastructure,integration","standard","architecture,technology-stack,dependencies,code-quality-assessment"
mobile,"react-native/flutter/swift/kotlin files; ios/ and android/ directories; app.json/app.config.js; navigation config; platform-specific code","framework_specific,data_flow,performance,quality","standard","component-inventory,architecture,technology-stack,code-quality-assessment"
