num,category,technique_name,description,project_types,artifacts,depth,output_pattern
1,architecture,Layer Detection Analysis,"Identify the architectural layers used in the system. Look for controller/service/repository patterns, MVC separation, clean architecture boundaries, or hexagonal port/adapter structures. Examine folder names, class naming conventions, and import directions to determine layer hierarchy. Document which layers exist, what each layer is responsible for, and whether layer boundaries are respected or violated.","backend,fullstack,api,microservices,monolith","architecture,code-structure",standard,scan → identify layers → map boundaries → assess violations
2,architecture,Module Boundary Mapping,"Map the boundaries between modules/packages/domains in the codebase. Measure coupling (how much modules depend on each other) and cohesion (how focused each module is). Look for circular dependencies, god modules that everything imports, and modules with unclear responsibility. Produce a dependency matrix showing which modules talk to which.","backend,fullstack,api,microservices,monolith,library","architecture,component-inventory",standard,scan imports → build matrix → measure coupling → identify violations
3,architecture,Dependency Graph Construction,"Build a visual dependency graph by tracing all import/require/include statements across the codebase. Identify hub files (imported by many), leaf files (import nothing), and circular dependency chains. Output as a Mermaid diagram showing the top-level module relationships. For large codebases, aggregate at the directory level rather than file level.","all","architecture,dependencies",standard,trace imports → build graph → identify hubs → detect cycles → diagram
4,architecture,Design Pattern Recognition,"Scan the codebase for known design patterns: Factory, Singleton, Observer, Strategy, Repository, Builder, Decorator, Middleware, Command, etc. For each pattern found, document where it's used, whether it's implemented correctly, and whether it's the right pattern for the use case. Also note anti-patterns: God Object, Spaghetti Code, Golden Hammer, Lava Flow.","all","architecture,code-quality-assessment",deep,scan classes → match patterns → assess correctness → flag anti-patterns
5,architecture,Entry Point Discovery,"Find every entry point into the application: main files, route registrations, event handlers, CLI commands, cron jobs, queue consumers, webhook handlers, serverless function exports. For each entry point, document what triggers it, what it calls, and what it produces. This is the foundation for understanding how the system starts and how external inputs flow in.","all","architecture,api-documentation,code-structure",quick,find configs → trace entry points → map triggers → document flow
6,data_flow,Input-to-Output Tracing,"Pick the 3-5 most critical user flows and trace data from the point of user input (HTTP request, form submit, CLI argument) through every transformation, validation, and storage operation until the final output (response, file, database write). Document each transformation step with file:line references. This reveals hidden business logic, validation gaps, and data integrity risks.","all","business-overview,architecture,code-quality-assessment",deep,identify critical flows → trace input → map transformations → document output
7,data_flow,State Management Mapping,"Map how application state is stored and managed. For frontends: Redux stores, Context providers, Zustand/Jotai atoms, component local state, URL state. For backends: session stores, cache layers, database state, in-memory state. Document state shape, who reads it, who writes it, and synchronization patterns between state stores.","frontend,fullstack,mobile","architecture,component-inventory",standard,find state stores → map readers/writers → trace sync patterns → diagram
8,data_flow,Event Flow Analysis,"Map all event-driven patterns: DOM events, custom events, EventEmitter patterns, pub/sub systems, WebSocket messages, server-sent events, message queue publications. For each event, document: who emits it, who listens, what data it carries, and what side effects it triggers. Look for orphaned listeners (listen but never triggered) and fire-and-forget patterns without error handling.","all","architecture,component-inventory",standard,find emitters → find listeners → map event data → detect orphans
9,data_flow,Data Transformation Chain,"Follow data as it passes through middleware, pipes, interceptors, or transformation layers. Document each transformation: what format the data arrives in, what the transformation does, and what format it leaves in. Common in Express middleware chains, RxJS pipes, ETL pipelines, and GraphQL resolvers. Reveals hidden mutations and potential data loss points.","backend,fullstack,api,data_pipeline","architecture,api-documentation",deep,identify chains → trace data shape → document transforms → find mutations
10,data_flow,Error Propagation Tracing,"Trace how errors flow through the application. When an exception is thrown in a deep function, where does it surface? Is it caught, logged, re-thrown, swallowed, or converted to a user-friendly message? Map the error handling layers: try/catch blocks, error middleware, global error handlers, error boundaries (React). Identify swallowed errors (caught but not logged) and naked throws (no context added).","all","code-quality-assessment,architecture",standard,find throw/reject → trace catch/handler → map error layers → flag gaps
11,api_surface,Route Registration Scan,"Find every HTTP route registered in the application. Scan for framework-specific patterns: Express app.get/post/put/delete, FastAPI decorators, Spring @RequestMapping, Django urlpatterns, Rails routes.rb. For each route, extract: HTTP method, path, handler function, middleware applied, parameter validation. Output as a complete API table.","backend,fullstack,api,microservices","api-documentation",quick,find route files → extract registrations → map methods/paths → list middleware
12,api_surface,Middleware Chain Mapping,"Map the complete middleware execution order for each route or route group. Identify: authentication middleware, authorization checks, rate limiting, CORS, body parsing, logging, error handling, validation. Document the order (which runs first) and conditional application (which routes skip which middleware). Reveals security gaps where middleware is accidentally omitted.","backend,fullstack,api","api-documentation,architecture",standard,find middleware → trace registration order → map per-route chains → flag gaps
13,api_surface,Auth Flow Tracing,"Trace the complete authentication and authorization flow. How does a user authenticate (JWT, session, OAuth, API key)? Where is the token/session created? How is it validated on subsequent requests? What authorization checks exist (roles, permissions, ownership)? Where are auth decisions made in the code? Document the complete auth lifecycle from login to protected resource access.","backend,fullstack,api,microservices","api-documentation,code-quality-assessment",standard,find auth config → trace login flow → map token lifecycle → check authorization points
14,api_surface,API Contract Extraction,"Extract the implicit or explicit API contracts: request body schemas, response shapes, error formats, pagination patterns, filtering/sorting conventions. Look for TypeScript interfaces, JSON Schema definitions, OpenAPI/Swagger specs, Zod/Joi validators, or infer from handler code. Document the actual contract (what the code does) vs. documented contract (what docs say) and flag mismatches.","backend,fullstack,api,microservices","api-documentation",standard,find schemas → extract request/response shapes → compare to docs → flag mismatches
15,api_surface,API Versioning Detection,"Check if the API uses versioning and what strategy: URL path (/v1/, /v2/), header-based (Accept-Version), query parameter (?version=2), or none. Find deprecated endpoints, backward-compatibility shims, and version-specific logic. Document which versions are active, which are deprecated, and whether version negotiation is implemented correctly.","backend,api,microservices","api-documentation",deep,scan routes for version patterns → identify active/deprecated → check negotiation
16,security,OWASP Top 10 Quick Scan,"Perform a rapid scan for the OWASP Top 10 vulnerabilities: injection (SQL, NoSQL, command), broken authentication, sensitive data exposure, XML external entities, broken access control, security misconfiguration, XSS, insecure deserialization, known vulnerable components, insufficient logging. For each category, check 2-3 common patterns and flag findings with severity (Critical/High/Medium/Low).","all","code-quality-assessment",standard,check each OWASP category → scan for patterns → rate severity → document findings
17,security,Auth Pattern Analysis,"Deep analysis of the authentication implementation. Check: password hashing algorithm (bcrypt/argon2 vs MD5/SHA1), token expiration and refresh logic, session management (fixation, hijacking risks), multi-factor support, account lockout after failed attempts, password complexity enforcement, secure password reset flow. Rate each aspect as Secure/Needs Improvement/Vulnerable.","backend,fullstack,api","code-quality-assessment,api-documentation",deep,find auth code → check hashing → analyze tokens → assess session mgmt → rate security
18,security,Input Validation Audit,"Check every user input entry point for proper validation and sanitization. Look for: raw SQL concatenation, unescaped HTML output, unsanitized file paths, unchecked file uploads, missing Content-Type validation, regex denial-of-service (ReDoS) patterns. For each finding, rate risk level and provide the specific file:line where the vulnerability exists.","all","code-quality-assessment",standard,find input points → check validation → check sanitization → rate risk → cite locations
19,security,Secret Detection Scan,"Scan the entire codebase for hardcoded secrets: API keys, database passwords, JWT secrets, OAuth client secrets, encryption keys, private keys, cloud credentials. Check .env files committed to git, configuration files, test fixtures, and code comments. Also check if .gitignore properly excludes secret files. Flag every finding as Critical.","all","code-quality-assessment,technology-stack",quick,scan for patterns → check .env files → check .gitignore → check config → flag all
20,security,Dependency Vulnerability Check,"Cross-reference every dependency and its version against known vulnerability databases. Check for outdated major versions, dependencies with known CVEs, abandoned/unmaintained packages (no updates in 2+ years), and dependencies with excessive permissions. Produce a risk table: package, current version, latest version, known CVEs, severity.","all","dependencies,code-quality-assessment",standard,list deps → check versions → query CVE databases → assess maintenance status → rate risk
21,quality,Dead Code Detection,"Find unused code: exported functions never imported elsewhere, components never rendered, routes never registered, event handlers never attached, CSS classes never applied, database models with no queries, test files for deleted code. Use import tracing to verify. Dead code adds confusion, increases bundle size, and masks the actual system scope.","all","code-structure,code-quality-assessment",standard,trace exports → find unused → check unreachable branches → flag orphaned files
22,quality,Code Duplication Analysis,"Identify duplicated logic across the codebase. Look for: copy-pasted functions with minor variations, similar API handlers with repeated boilerplate, duplicated validation logic, repeated error handling patterns, parallel class hierarchies. For each duplication cluster, document the files involved, the duplicated logic, and the divergence points where copies have drifted apart.","all","code-quality-assessment,code-structure",standard,scan for similar blocks → cluster duplicates → measure divergence → assess impact
23,quality,Complexity Metrics Scan,"Measure code complexity using concrete metrics: cyclomatic complexity per function (flag >10), nesting depth (flag >4 levels), function length (flag >50 lines), file length (flag >500 lines), parameter count (flag >5), class size (flag >20 methods). Produce a top-20 most complex files/functions list sorted by composite complexity score.","all","code-quality-assessment",quick,measure per function → rank by complexity → produce top-20 list → flag hotspots
24,quality,Test Coverage Mapping,"Map what the test suite covers and what it misses. Analyze test files to determine: which modules have tests, which functions are tested, what types of tests exist (unit, integration, e2e), test naming patterns, mock/stub usage, assertion quality (specific vs. trivial). Produce a coverage heat map: well-tested (green), partially tested (yellow), untested (red) per module.","all","code-quality-assessment",standard,find test files → map to source files → assess coverage per module → produce heat map
25,quality,Naming Convention Audit,"Check naming consistency across the codebase: file naming (camelCase, kebab-case, snake_case, PascalCase), function/method naming, variable naming, class naming, database table/column naming, API endpoint naming, CSS class naming. Flag inconsistencies within the same layer and produce a conventions summary that documents the dominant patterns.","all","code-structure,code-quality-assessment",quick,scan file names → scan identifiers → detect dominant patterns → flag violations
26,data_layer,Schema Extraction,"Extract the complete database schema from ORM models, migration files, or schema definitions. For each entity/table: name, columns with types, constraints (nullable, unique, default, check), indexes, and comments. Produce an entity-relationship diagram in Mermaid syntax showing all tables and their relationships.","backend,fullstack,api,microservices,data_pipeline","component-inventory,architecture",standard,find models/migrations → extract schema → map relationships → generate ER diagram
27,data_layer,ORM Pattern Detection,"Analyze how the ORM is used: eager vs. lazy loading patterns, query builder vs. raw SQL usage, transaction management, connection pooling. Specifically hunt for N+1 query patterns (loading a list then querying each item individually), missing indexes on frequently queried columns, and overfetching (SELECT * when only 2 columns are needed).","backend,fullstack,api","code-quality-assessment,component-inventory",deep,find queries → detect N+1 patterns → check indexes → flag overfetching
28,data_layer,Migration History Analysis,"Analyze the database migration history to understand how the schema has evolved. Look for: migration naming patterns, reversibility (up/down migrations), data migrations vs. schema migrations, migration dependencies, failed or partial migrations. This reveals the system's data evolution and potential legacy schema decisions that constrain current development.","backend,fullstack,api","technology-stack,code-quality-assessment",deep,read migration files → trace schema evolution → check reversibility → flag risks
29,data_layer,Relationship Mapping,"Map all entity relationships: one-to-one, one-to-many, many-to-many, polymorphic associations, self-referential relationships. For each relationship, document: the foreign keys, cascade behavior (on delete/update), whether the relationship is enforced at the database level or only in application code, and join table structures for M:N relationships.","backend,fullstack,api","component-inventory,architecture",standard,find foreign keys → trace relationships → check cascade rules → map join tables
30,data_layer,Data Access Pattern Review,"Identify the data access patterns used: Repository pattern, Active Record, Data Mapper, DAO, direct query execution. Check consistency — is the same pattern used everywhere or are there mixed approaches? Look for data access logic leaking into controllers/handlers (should be in repositories/services). Document the query hot spots (most frequently accessed tables/collections).","backend,fullstack,api,microservices","architecture,code-quality-assessment",standard,find data access code → classify patterns → check consistency → identify hot spots
31,infrastructure,CI/CD Pipeline Analysis,"Analyze the build/test/deploy pipeline configuration. Read CI config files (GitHub Actions, GitLab CI, Jenkins, CircleCI). Document: build steps, test stages, deployment targets, environment-specific configs, secrets management, caching strategies, parallelization, and estimated build times. Flag missing stages (no security scanning, no integration tests, no staging deploy).","all","technology-stack",standard,find CI configs → trace pipeline stages → check completeness → flag missing stages
32,infrastructure,Container Configuration Review,"Analyze Dockerfile, docker-compose.yml, Kubernetes manifests, or other container configs. Check: base image choices (alpine vs. full), multi-stage builds, exposed ports, volume mounts, health checks, resource limits, network configuration. Flag security issues: running as root, exposed debug ports, hardcoded secrets in build args.","backend,fullstack,api,microservices,data_pipeline","technology-stack,code-quality-assessment",standard,read container configs → check best practices → map services → flag security issues
33,infrastructure,Environment Variable Mapping,"Find every environment variable referenced in the codebase. For each: name, purpose, where it's read, default value (if any), whether it's required or optional, which environments use it (dev/staging/prod). Cross-reference with .env.example or documentation. Flag variables referenced in code but missing from .env.example, and variables in .env.example but never read.","all","technology-stack,code-structure",quick,grep env references → extract names → find defaults → cross-reference .env.example → flag gaps
34,infrastructure,Build System Analysis,"Analyze the build toolchain: bundler (webpack, vite, esbuild, rollup), transpiler (babel, tsc, swc), package manager (npm, yarn, pnpm, bun), task runner (scripts, make, nx, turbo). Document build configuration: entry points, output targets, optimization settings, aliases, plugins. For monorepos: workspace structure, shared dependencies, build order.","all","technology-stack",quick,read build configs → trace entry points → map plugins → document output
35,integration,External API Dependency Mapping,"Find every outbound HTTP call, SDK usage, or external service integration. For each: service name, base URL, authentication method, endpoints called, error handling, retry logic, timeout configuration, circuit breaker patterns. Produce a dependency map showing which external services the application depends on and what happens if each goes down.","backend,fullstack,api,microservices","dependencies,architecture",standard,find HTTP clients → trace outbound calls → map services → assess failure handling
36,integration,Message Queue Analysis,"Map all message queue interactions: producers, consumers, topics/queues, message schemas, acknowledgment patterns, dead letter queue configuration, retry policies. Document the async flow: what triggers a message, what consumes it, what side effects occur. Flag consumers without error handling and producers without delivery confirmation.","backend,microservices,data_pipeline","architecture,component-inventory",deep,find queue configs → map producers/consumers → trace message flow → flag error gaps
37,integration,Webhook Detection,"Find all incoming webhook handlers (endpoints that receive external callbacks) and outgoing webhook dispatchers. For each: trigger event, payload format, signature verification (security), retry handling, idempotency guarantees. Flag webhooks without signature verification (anyone could spoof them) and without idempotency (duplicate delivery causes duplicate side effects).","backend,fullstack,api,microservices","api-documentation,code-quality-assessment",standard,find webhook routes → check signature verification → check idempotency → flag risks
38,integration,Third-Party SDK Inventory,"Catalog every third-party SDK integrated into the application: payment processors (Stripe, PayPal), auth providers (Auth0, Firebase Auth), analytics (Segment, Mixpanel), cloud SDKs (AWS, GCP, Azure), email (SendGrid, SES), etc. For each: version, configuration location, initialization pattern, error handling, and whether it's abstracted behind an interface or directly coupled throughout the codebase.","all","dependencies,technology-stack",quick,find SDK imports → catalog services → check abstraction level → assess coupling
39,framework_specific,React Component Tree Analysis,"Map the React component hierarchy from root to leaf. Identify: prop drilling chains (props passed through 3+ levels), context provider nesting, render prop patterns, HOC wrapping, custom hook dependencies. Flag components with >10 props (likely needs decomposition), deeply nested context (performance risk), and components that re-render too often (missing memoization).","frontend,fullstack,mobile","component-inventory,code-quality-assessment",standard,trace component tree → map props → find context usage → flag anti-patterns
40,framework_specific,Express/Fastify Route Architecture,"Map the route architecture: route grouping strategy (by feature, by version, by resource), router nesting, parameter handling (params, query, body extraction), response formatting patterns, error handling middleware placement. Identify inconsistencies: some routes validate input while others don't, some return consistent error formats while others don't.","backend,fullstack,api","api-documentation,architecture",standard,trace router files → map route groups → check consistency → flag inconsistencies
41,framework_specific,Django/Rails Convention Audit,"Check adherence to the framework's conventions: Django (models.py, views.py, urls.py, serializers.py, admin.py pattern) or Rails (MVC, concerns, service objects). Flag deviations: fat models, fat controllers, business logic in views, missing serializers, custom patterns that fight the framework. Convention adherence predicts maintainability.","backend,fullstack","code-structure,code-quality-assessment",standard,check file structure → verify conventions → flag deviations → assess maintainability
42,framework_specific,Spring Bean Analysis,"Map Spring's dependency injection graph: @Component, @Service, @Repository, @Controller beans. Trace autowiring: constructor vs. field injection, circular dependency risks, profile-specific beans, conditional beans. Check configuration hierarchy: application.yml, profile overrides, environment-specific configs. Flag field injection (harder to test) and circular dependencies.","backend,api","architecture,component-inventory",deep,scan annotations → build DI graph → trace profiles → flag circular deps
43,framework_specific,Next/Nuxt SSR Analysis,"Analyze the server/client boundary: which components render server-side, which are client-only, data fetching patterns (getServerSideProps, getStaticProps, server actions, API routes). Check: hydration mismatch risks, data serialization between server and client, bundle size impact of server components, caching strategy for SSR pages.","fullstack","architecture,component-inventory",standard,trace rendering mode → map data fetching → check hydration → assess bundle impact
44,framework_specific,Mobile Navigation Flow,"Map the screen navigation structure: stack navigators, tab navigators, drawer navigators, modal flows, deep link routes. Document: navigation params between screens, authentication-gated screens, back button behavior, state persistence across navigation. Flag deep nesting (>5 screens deep), missing deep link handlers, and screens with no back navigation.","mobile","architecture,component-inventory",standard,trace navigators → map screen params → check deep links → flag nesting issues
45,performance,Bundle Size Analysis,"Analyze the JavaScript/CSS bundle configuration: total bundle size, code splitting strategy, lazy-loaded routes/components, tree shaking effectiveness, large dependencies that dominate bundle size. Use build output analysis or dependency size checking to identify the top 10 heaviest imports. Flag bundles >500KB (gzipped) and dependencies that could be replaced with lighter alternatives.","frontend,fullstack,mobile","technology-stack,code-quality-assessment",standard,check build output → measure bundles → find heavy deps → suggest alternatives
46,performance,N+1 Query Detection,"Scan for N+1 query patterns: loops that execute a database query per iteration, ORM lazy loading that triggers individual queries for each relationship, API handlers that fetch a list then query details per item. For each finding, document: the loop location (file:line), estimated query count for typical data sizes, and the recommended fix (eager loading, batch query, join).","backend,fullstack,api","code-quality-assessment",standard,find loops with queries → estimate query counts → suggest eager loading → cite locations
47,performance,Caching Pattern Review,"Identify all caching mechanisms: HTTP cache headers, CDN configuration, application-level cache (Redis, Memcached, in-memory), database query cache, memoization in code. For each cache: what it caches, TTL settings, cache invalidation strategy, cache key patterns. Flag missing caches on expensive operations and stale cache risks (no invalidation on data change).","backend,fullstack,api,microservices","architecture,code-quality-assessment",deep,find cache usage → map TTLs → check invalidation → flag expensive uncached operations
48,performance,Async Flow Analysis,"Map all asynchronous patterns: Promises/async-await chains, callback patterns, RxJS observables, generator functions, worker threads, parallel execution. Identify: unhandled promise rejections, callback hell (>3 levels), missing error handling on async operations, sequential awaits that could be parallelized, resource cleanup (finally blocks, AbortController).","all","code-quality-assessment",standard,find async patterns → trace chains → check error handling → flag sequential awaits
49,performance,Memory Leak Risk Detection,"Scan for patterns that commonly cause memory leaks: event listeners added but never removed, setInterval without clearInterval, closures capturing large objects, growing arrays/maps without bounds, cached data without eviction, DOM references held after element removal, circular references preventing garbage collection. Each finding must include file:line and the specific risk.","all","code-quality-assessment",deep,find listeners → check cleanup → find unbounded caches → trace closures → cite risks
